feature,coefficient,abs_coefficient
Last Maintenance,-6.24611282718702,6.24611282718702
Rutting,5.577611579231711,5.577611579231711
Asphalt Type_Concrete,-5.084598502411016,5.084598502411016
Asphalt Type_Asphalt,4.669995631109845,4.669995631109845
PCI,-3.3051840033630646,3.3051840033630646
Average Rainfall,2.2772907340182353,2.2772907340182353
Road Type_Primary,-1.0768953060173454,1.0768953060173454
IRI,0.6062759986461966,0.6062759986461966
Road Type_Tertiary,0.6015623786106924,0.6015623786106924
AADT,0.08732167544280905,0.08732167544280905
Road Type_Secondary,0.06073005610549499,0.06073005610549499
